9078,38377,-0.898212,1.01743,199.314, 
9081,12478,-0.684215,1.70792,190.783, 
9101,66271,-0.487534,0.660472,170.026, 
9105,106812,-0.845941,0.523213,170.997, 
9109,75028,-0.0842252,0.667332,182.79, 
9115,58424,-0.00400715,0.736294,177.97, 
9116,133543,-0.426673,0.475783,173.868, 
9117,114754,-0.0419134,0.511666,173.329, 
9118,96370,-0.397175,0.558335,173.327, 
9122,85721,0.298959,0.603977,176.833, 
9123,127048,-0.171153,0.504589,179.855, 
9124,123948,0.134829,0.576037,202.801, 
9125,108170,-0.0223978,0.53447,175.783, 
9127,50844,-0.200517,0.784961,176.998, 
9128,159528,-0.0593264,0.434012,173.349, 
9130,123634,-0.416102,0.49279,173.273, 
9131,132794,-0.655436,0.475421,173.248, 
9132,46304,0.184831,0.805153,173.256, 
9133,96404,-0.313414,0.555952,172.618, 
9134,26143,1.35704,1.06263,171.815, 
9135,68464,-0.788573,0.65576,171.584, 
9136,95439,-0.610265,0.557209,172.14, 
9138,67860,0.598592,0.66389,172.943, 
9139,19603,0.725737,1.23485,172.892, 
9141,125061,0.258032,0.489508,173.109, 
9142,75455,-0.637874,0.635201,174.484, 
9143,42018,-1.43531,0.855671,175.398, 
9144,77677,0.217768,0.616414,171.798, 
9145,47441,0.524319,0.804293,175.183, 
9146,19637,0.66532,1.23181,172.616, 
9147,52018,-0.0250475,0.760166,173.374, 
9148,48030,-0.207407,0.787847,172.663, 
9149,44405,0.169203,0.81199,171.106, 
9150,43590,-0.271205,0.820211,171.245, 
9152,41963,-1.58166,0.843276,172.744, 
9153,43008,0.0603691,0.826504,171.404, 
9154,33784,-0.00849535,0.938036,172.415, 
9158,123807,-0.710871,0.491136,172.812, 
9159,10103,-1.16341,1.73195,174.085, 
9160,44580,-0.393445,0.892494,188.441, 
9161,91532,0.331605,0.573254,173.434, 
9162,119930,-0.650802,0.516914,179.012, 
9163,15617,-1.52844,1.40083,175.058, 
9164,171904,0.0678291,0.418057,173.332, 
9165,12812,1.41359,1.52095,172.157, 
9169,44875,-0.288112,0.811609,171.929, 
9170,159779,0.61745,0.431814,172.606, 
9171,25866,-0.353167,1.07095,172.24, 
9172,56545,-0.416386,0.72312,171.952, 
9173,42606,0.802957,0.835294,172.415, 
9186,161088,-0.452193,0.437669,175.662, 
9187,172481,0.289833,0.420633,174.692, 
9188,174180,0.389569,0.417493,174.24, 
9189,167797,0.155685,0.424174,173.755, 
9190,174161,-0.74802,0.416051,173.629, 
9191,168178,-0.417749,0.424771,174.197, 
9192,165147,0.0368361,0.428223,174.022, 
9193,167587,0.712516,0.424395,173.736, 
9194,163946,0.223492,0.431976,174.908, 
9195,167194,-0.241265,0.427608,174.846, 
9196,165123,-0.68916,0.434065,176.384, 
9197,156689,-0.157346,0.445493,176.344, 
9198,170114,0.0636037,0.42091,173.604, 
9199,140086,-0.325246,0.467996,175.162, 
9200,149016,0.0103543,0.460964,177.944, 
9201,142943,0.572926,0.468629,177.178, 
9202,162478,-0.294897,0.439228,177.047, 
9203,126734,-0.0167545,0.502219,178.789, 
9204,145633,-0.456347,0.45707,174.426, 
9212,52318,0.469047,0.766423,175.305, 
9213,43015,-0.112324,0.843332,174.908, 
9214,29596,-0.385904,1.06237,182.766, 
9215,162508,-0.0433293,0.437182,176.238, 
9216,151239,-0.478372,0.454692,176.827, 
9217,161787,0.411948,0.435546,175.189, 
9218,169759,0.31054,0.425286,175.226, 
9219,61297,-0.0770973,0.714066,176.79, 
9221,54162,-0.0415238,0.755859,175.909, 
9224,57770,0.130881,0.779663,187.395, 
9226,82645,1.27598,0.617709,177.579, 
9229,126682,-0.234754,0.57545,204.817, 
9230,114148,0.448833,0.514743,173.91, 
9231,169515,-0.0642334,0.421121,173.385, 
9232,173805,0.16841,0.41747,174.043, 
9233,167573,-0.420603,0.424919,173.943, 
9234,84821,0.171596,0.597798,174.103, 
9236,170861,0.0422715,0.420772,173.927, 
9237,169918,-0.174892,0.418727,172.604, 
9238,166205,-0.11094,0.425608,173.513, 
9239,181856,0.572584,0.406338,173.281, 
9240,169569,-0.300486,0.421801,173.693, 
9243,139718,-0.216559,0.464562,173.648, 
9280,163639,0.454878,0.430385,174.101, 
9281,170759,0.0206722,0.42189,174.338, 
9282,167772,0.425169,0.424134,173.725, 
9283,160944,-0.359469,0.43501,174.516, 
9284,154410,0.499976,0.442373,173.831, 
9286,123178,-0.583303,0.499074,175.159, 
9287,157803,-0.489131,0.439905,174.75, 
9288,157148,0.1553,0.440594,174.66, 
9289,12676,0.245202,1.71361,192.931, 
9290,146975,0.253325,0.454614,174.287, 
9291,109564,-0.470583,0.532394,176.225, 
9293,97761,0.381577,0.566932,177.261, 
9294,128016,-0.368564,0.487166,174.305, 
9295,129648,0.52212,0.483919,174.243, 
9296,19819,0.646713,1.23943,174.487, 
9300,151008,0.0897773,0.444706,172.812, 
9301,169990,-0.0402747,0.415754,171.415, 
9302,166672,0.13948,0.422744,172.587, 
9303,146413,-0.60409,0.452906,173.3, 
9304,160211,0.448848,0.43443,173.887, 
9336,181093,0.113565,0.408453,173.817, 
9337,28043,1.05999,1.04513,175.018, 
9341,64533,1.17655,0.677167,172.023, 
9342,171396,-0.85566,0.423995,175.534, 
9343,30799,-0.023402,0.992355,174.155, 
9344,174159,-0.0830778,0.41896,174.842, 
9345,150885,-0.20609,0.457458,177.694, 
9346,164227,0.618069,0.437483,177.29, 
9347,175519,0.322966,0.425537,178.279, 
9348,176421,0.298208,0.419656,176.266, 
9349,168010,-0.673579,0.429253,175.947, 
9350,107863,-0.126671,0.548442,180.122, 
9351,147352,-1.31231,1.32818,509.84, 
9352,50737,0.164168,0.807729,181.94, 
9358,94514,0.308732,0.569927,175.213, 
9359,167799,1.03256,0.431964,176.947, 
9360,181412,0.185875,0.414061,176.359, 
9361,94688,-1.00106,0.580222,178.542, 
9362,187294,-0.0383549,0.409441,177.196, 
9363,167209,0.155144,0.433633,177.318, 
9364,118766,-0.0392941,0.511326,176.216, 
9365,37763,-0.871926,0.93847,182.37, 
9367,12559,0.320338,1.5732,176.304, 
9368,173842,0.47715,0.418638,174.549, 
9369,173489,0.277361,0.419047,174.542, 
9370,161940,-0.259969,0.435185,175.126, 
9372,173070,0.0255938,0.424238,176.49, 
9373,185265,-0.351439,0.41068,176.767, 
9374,184996,-0.190483,0.411288,176.9, 
9375,180434,0.159936,0.416761,177.03, 
9376,151651,-0.142184,0.461293,179.639, 
9377,142910,0.0688452,0.471567,178.268, 
9378,152882,0.159678,0.454028,177.526, 
9384,148730,1.01574,0.464776,179.243, 
9385,174223,-0.1207,0.422752,176.457, 
9386,168532,0.365708,0.42656,175.114, 
9387,173963,0.170368,0.417783,174.253, 
9388,174080,-0.331954,0.419286,174.938, 
9389,78319,-1.06383,0.656261,183.658, 
9390,180869,0.0774202,0.41639,177.085, 
9391,185606,0.0587868,0.414121,178.412, 
9392,92337,0.198803,0.584009,177.463, 
9397,162726,-0.617256,0.435756,175.781, 
9398,179886,-0.388376,0.414334,175.731, 
9399,166936,0.254861,0.420823,171.939, 
9406,165252,0.0904228,0.423196,172.034, 
9407,131103,-0.382051,0.475587,172.201, 
9408,175239,-0.367711,0.410799,171.967, 
9409,179900,0.282904,0.404327,171.494, 
9410,170456,0.643571,0.414305,171.051, 
9411,176409,-1.01285,0.41009,172.242, 
9412,173857,-0.705769,0.412537,172.012, 
9413,174593,0.342926,0.411653,172.006, 
9414,177011,-0.50129,0.407913,171.62, 
9415,65438,-1.44485,0.672215,171.958, 
9416,36949,1.76236,0.891176,171.303, 
9419,15975,-0.854211,1.58737,200.632, 
9420,49109,0.821108,0.944854,209.385, 
9421,85199,0.624903,0.701367,204.721, 
9422,169634,-0.401972,0.495956,204.268, 
9423,177220,0.60689,0.479057,201.671, 
9424,173422,-0.608643,0.484132,201.612, 
9425,184171,-0.73166,0.468792,201.183, 
9426,176420,-0.820525,0.480302,201.738, 
9427,183680,-0.0374309,0.471054,201.884, 
9428,177870,-0.0906918,0.479165,202.086, 
9429,174818,-0.153785,0.483926,202.336, 
9430,183342,-0.925295,0.472184,202.182, 
9431,181920,-0.138823,0.47439,202.337, 
9432,180810,0.390054,0.473518,201.348, 
9433,149117,-0.555033,0.523737,202.245, 
9434,169761,-0.272332,0.489913,201.854, 
9435,20323,-0.164197,1.41522,201.752, 
9436,120571,-1.01075,0.581969,202.079, 
9437,182236,-0.756204,0.473795,202.259, 
9438,144170,0.218686,0.535223,203.223, 
9439,181971,0.0299059,0.479106,204.377, 
9440,184514,0.201474,0.476044,204.485, 
9441,164030,-0.363113,0.505648,204.791, 
9443,185903,0.132625,0.474837,204.733, 
9444,182874,-0.0972966,0.479691,205.134, 
9445,154440,0.701865,0.51958,204.189, 
9446,181029,-0.143445,0.481541,204.883, 
9447,167681,-0.723283,0.499604,204.582, 
9448,182838,-1.2007,0.479913,205.209, 
9449,182652,-0.893826,0.479606,204.973, 
9450,176917,-0.81447,0.485499,204.208, 
9451,178159,-0.0487564,0.484522,204.511, 
9452,162420,0.218953,0.508403,204.894, 
9453,177858,-1.16201,0.483986,204.112, 
9454,177377,0.0640396,0.486898,205.063, 
9455,168722,-0.668166,0.498371,204.71, 
9456,178403,0.347398,0.48227,203.7, 
9457,183288,-0.856301,0.478491,204.852, 
9458,178246,0.00822534,0.483844,204.275, 
9459,185099,-0.983106,0.474452,204.124, 
9460,183681,-0.214139,0.478149,204.925, 
9461,164628,-0.823286,0.506832,205.644, 
9462,187310,-0.0716572,0.472527,204.507, 
9463,185107,-0.421041,0.475963,204.779, 
9464,185990,-0.107805,0.474406,204.595, 
9465,168553,-0.090993,0.496258,203.74, 
9466,19541,0.233299,1.45124,202.867, 
9467,133548,-0.278855,0.539835,197.278, 
9468,105703,-0.42291,0.576433,187.41, 
9470,180956,-0.191692,0.438465,186.518, 
9471,184645,-0.140231,0.435144,186.983, 
9472,173651,0.576378,0.450794,187.852, 
9473,186323,0.193373,0.434146,187.4, 
9474,188735,-0.0827599,0.432747,188.001, 
9475,172157,0.0584399,0.450921,187.095, 
9476,181462,0.0297544,0.440607,187.691, 
9477,176663,-0.385517,0.445478,187.24, 
9478,170403,0.0365456,0.456073,188.267, 
9479,176341,-0.430328,0.447403,187.878, 
9480,150140,-0.319619,0.484597,187.771, 
9481,162685,0.936043,0.466522,188.168, 
9491,166532,0.499295,0.459407,187.476, 
9492,182321,-0.0760543,0.439232,187.548, 
9493,181814,0.770988,0.441639,188.313, 
9494,22359,0.221789,1.26051,188.483, 
9495,164325,-0.969978,0.463525,187.899, 
9496,168166,0.11858,0.456416,187.167, 
9497,155903,-0.141849,0.473503,186.961, 
9498,123152,-0.734389,0.531322,186.457, 
9499,100126,0.489973,0.586741,185.661, 
9500,160706,0.395292,0.466299,186.931, 
9501,175161,0.348849,0.44563,186.506, 
9502,176893,-0.140511,0.442687,186.188, 
9503,177559,-1.29047,0.441811,186.169, 
9504,147308,-0.144308,0.483781,185.679, 
9505,159741,-0.0410486,0.470808,188.171, 
9506,156420,0.109306,0.47246,186.858, 
9507,164560,-0.162919,0.461146,187.069, 
9508,179439,-0.50411,0.445148,188.566, 
9510,172090,-0.516426,0.457303,189.706, 
9515,162483,0.740543,0.469055,189.072, 
9516,183131,-0.00899363,0.441146,188.783, 
9517,183665,-0.0319002,0.441256,189.105, 
9518,184990,-0.278897,0.440857,189.615, 
9519,130461,-0.126428,0.524788,189.55, 
9520,165782,-0.234166,0.466251,189.84, 
9521,179086,-0.301761,0.448924,189.978, 
9522,61070,0.957674,0.771187,190.578, 
9523,168054,-0.206753,0.46147,189.177, 
9524,149882,-0.00469325,0.496896,192.371, 
9525,144520,0.701953,0.510999,194.26, 
9526,177612,-0.509052,0.457587,192.845, 
9527,146450,0.544922,0.495635,189.673, 
9528,180700,-0.551597,0.446486,189.796, 
9529,154507,0.51616,0.481512,189.27, 
9530,173741,-0.487873,0.454177,189.311, 
9531,172682,-0.593711,0.45694,189.881, 
9532,186337,-0.187447,0.440842,190.297, 
9533,185508,-0.012978,0.440944,189.918, 
9534,177341,-0.38406,0.451804,190.263, 
9535,151530,0.216729,0.48615,189.243, 
9536,164735,-0.457962,0.467113,189.59, 
9537,178900,-0.201626,0.448972,189.9, 
9538,180309,-0.175239,0.447455,190.002, 
9539,143127,-0.486082,0.501389,189.686, 
9540,185619,0.0327597,0.44114,190.059, 
9541,170435,-0.300123,0.459156,189.557, 
9542,181960,-0.58205,0.445572,190.067, 
9543,81575,-1.69803,0.663889,189.616, 
9552,119623,-0.876879,0.563619,194.936, 
9553,173185,-0.0260504,0.459922,191.399, 
9554,154797,0.0948705,0.472288,185.818, 
9555,160356,-0.667441,0.463275,185.516, 
9556,174846,0.72373,0.444571,185.895, 
9557,47667,-0.233742,0.849801,185.535, 
9558,175358,0.0473458,0.445507,186.56, 
9559,182978,-0.409153,0.436193,186.586, 
9560,173866,0.399932,0.446537,186.193, 
9561,175991,0.691285,0.442557,185.658, 
9562,177558,0.0121133,0.440723,185.71, 
9563,177817,-0.375927,0.43985,185.477, 
9564,177995,-0.518996,0.440381,185.794, 
9565,98334,-0.0876234,0.590084,185.04, 
9566,184379,-0.531801,0.432801,185.842, 
9567,171843,0.515583,0.448936,186.102, 
9568,186610,-0.215828,0.431163,186.255, 
9569,173665,-0.767046,0.447566,186.515, 
9570,174578,0.337622,0.446822,186.693, 
9571,183034,-0.67127,0.437515,187.18, 
9572,165636,0.311902,0.46023,187.306, 
9573,164693,-0.204787,0.45969,186.553, 
9574,181545,0.335768,0.436919,186.163, 
9575,178918,-0.108494,0.439092,185.73, 
9576,176905,-0.298834,0.442575,186.147, 
9577,171358,0.0924144,0.449942,186.255, 
9578,174303,0.019403,0.443851,185.306, 
9579,169396,0.473739,0.450298,185.332, 
9580,178823,-0.848489,0.439614,185.902, 
9581,184062,-0.143076,0.434213,186.288, 
9582,185196,-0.692325,0.431157,185.546, 
9583,172005,-0.397675,0.448652,186.071, 
9584,92523,0.085087,0.612214,186.221, 
9585,184128,-0.692654,0.433288,185.924, 
9586,163967,-1.07004,0.45902,185.87, 
9587,156645,0.0636951,0.469446,185.799, 
9588,149696,0.264936,0.478941,185.305, 
9589,157410,-0.550589,0.467556,185.502, 
9590,171674,-0.318868,0.44875,185.933, 
9591,187254,0.372701,0.42937,185.801, 
9592,151903,-0.799544,0.476637,185.768, 
9593,182572,-0.592828,0.435089,185.907, 
9594,168132,-0.667732,0.453394,185.909, 
9595,176805,-0.0704516,0.440989,185.428, 
9596,160378,-0.407443,0.462371,185.167, 
9597,170262,0.110678,0.450206,185.768, 
9598,185462,0.0748673,0.431011,185.616, 
9599,158712,-0.742875,0.465482,185.442, 
9600,183621,-0.0371268,0.4329,185.502, 
9601,169206,0.0425456,0.450119,185.155, 
9602,180357,0.087539,0.437996,186.01, 
9603,180348,-0.761721,0.434986,184.727, 
9604,175694,-0.190926,0.442302,185.395, 
9608,180005,0.422832,0.436287,185.104, 
9609,182853,-0.311529,0.431926,184.697, 
9610,170263,-0.201646,0.447484,184.645, 
9611,166481,0.778788,0.45192,184.393, 
9612,62673,-0.0421677,0.733798,183.703, 
9613,184443,-0.128631,0.429138,184.301, 
9614,180250,-0.0131849,0.436932,185.503, 
9615,150276,-0.360788,0.474505,183.944, 
9617,183229,-0.85457,0.432286,185.041, 
9618,120372,0.253981,0.533758,185.186, 
9619,182343,0.407598,0.436004,186.181, 
9620,178039,-0.13846,0.438512,185.029, 
9621,170640,0.107205,0.448588,185.306, 
9622,174870,0.197145,0.445336,186.228, 
9623,183328,0.485821,0.435672,186.541, 
9624,164848,-0.202213,0.462443,187.759, 
9625,171819,-0.416386,0.452076,187.39, 
9626,152278,-0.250972,0.47576,185.655, 
9627,175825,-0.52637,0.444187,186.254, 
9628,182411,-0.773959,0.435461,185.984, 
9629,183170,0.0192928,0.434074,185.776, 
9630,176652,-0.499183,0.442695,186.065, 
9631,177024,-0.106973,0.441616,185.806, 
9632,111328,-1.09212,0.568626,189.727, 
9633,68687,-1.02962,0.724331,189.834, 
9634,154525,0.0705809,0.477755,187.804, 
9635,161745,-0.0283171,0.464102,186.65, 
9637,182929,0.194098,0.434013,185.628, 
9638,153408,0.506549,0.476257,186.537, 
9639,94602,0.259468,0.550732,169.391, 
9640,165223,0.0974944,0.423621,172.192, 
9641,167009,0.0147672,0.423096,172.905, 
9642,150418,0.329827,0.451081,174.946, 
9643,167587,-0.22959,0.427288,174.92, 
9646,142185,-1.21531,0.463811,174.891, 
9647,158110,0.254662,0.436536,173.58, 
9648,91229,-0.0371591,0.572314,172.863, 
9649,138420,-0.397938,0.466245,173.466, 
9650,157207,0.0672998,0.434807,172.398, 
9653,133170,-0.775473,0.473848,172.919, 
9656,140650,-1.26454,0.464647,174.258, 
9657,153825,0.707868,0.44471,174.418, 
9658,177530,0.119349,0.414174,174.509, 
9659,186849,-0.207936,0.404387,174.801, 
9660,166096,-0.7072,0.429964,175.231, 
9661,174376,-0.0187322,0.414508,173.092, 
9662,185107,-0.652468,0.403779,173.722, 
9663,179610,-0.652298,0.408697,173.208, 
9664,185581,-0.480727,0.405168,174.543, 
9665,181736,0.0653989,0.408149,173.996, 
9666,97042,0.49255,0.55562,173.084, 
9668,174808,0.426762,0.415691,173.8, 
9669,177061,0.55783,0.411721,173.247, 
9670,179069,0.147182,0.410951,173.9, 
9671,177113,0.862672,0.411265,173.08, 
9672,188556,-0.732593,0.399292,173.385, 
9673,180146,-0.153068,0.408401,173.34, 
9674,173631,-0.0435656,0.423089,176.297, 
9675,170909,0.0894965,0.424326,175.421, 
9676,185690,0.00846442,0.40553,174.75, 
9677,176498,-0.690115,0.416499,174.978, 
9678,171858,0.111817,0.422916,175.323, 
9679,161719,-0.243844,0.437411,175.902, 
9681,177419,0.125892,0.418465,176.262, 
9682,177499,0.149895,0.4178,176.022, 
9683,179667,-0.3918,0.415165,175.977, 
9684,173738,0.654147,0.422245,175.999, 
9685,177119,-0.463875,0.418864,176.281, 
9686,157670,-0.707794,0.442516,175.713, 
9687,171066,-0.611644,0.422935,174.927, 
9689,179894,0.220816,0.411964,174.73, 
9690,171260,-0.346902,0.420672,174.089, 
9691,170181,0.00166322,0.422763,174.402, 
9692,177109,0.0790233,0.414583,174.474, 
9693,173984,-0.163722,0.419519,174.987, 
9694,168162,-0.654387,0.426816,175.027, 
9695,154212,-0.128738,0.448566,176.151, 
9696,179305,0.622274,0.414473,175.506, 
9697,159946,0.267523,0.438766,175.477, 
9698,149462,-0.244337,0.451325,174.484, 
9699,170721,0.310544,0.42428,175.306, 
9700,161873,-0.0244894,0.43544,175.192, 
9701,179992,-0.329818,0.414174,175.715, 
9702,148475,-0.422351,0.452755,174.458, 
9703,181350,-0.353642,0.408682,174.038, 
9704,168535,-0.101054,0.453935,186.354, 
9705,105568,-0.572792,0.54099,175.774, 
9708,148319,-0.0102387,0.45233,174.202, 
9709,158876,-0.401595,0.440187,175.455, 
9710,163674,-0.055098,0.433463,175.365, 
9715,156819,-0.21419,0.442229,175.124, 
9716,180580,-0.407174,0.417749,177.521, 
9717,165231,0.166219,0.431114,175.242, 
9718,185325,0.338397,0.407068,175.24, 
9719,183544,-0.686852,0.409355,175.376, 
9720,185263,-0.392472,0.404695,174.189, 
9721,153197,-0.141143,0.447909,175.313, 
9722,161213,0.0708709,0.435485,174.853, 
9723,179979,0.459373,0.410265,174.05, 
9724,185349,0.294608,0.406028,174.804, 
9725,177641,-0.536143,0.416291,175.456, 
9726,160640,-0.240952,0.43713,175.201, 
9727,105932,-0.476116,0.536927,174.755, 
9728,131760,-0.12312,0.490472,178.035, 
9729,182050,0.527607,0.416848,177.858, 
9730,163150,-0.529597,0.432391,174.651, 
9731,182880,-0.37676,0.403411,172.517, 
9732,165990,0.34152,0.425784,173.472, 
9733,182761,-0.090158,0.405191,173.221, 
9734,141588,0.192933,0.462115,173.886, 
9735,167670,-0.637272,0.427715,175.139, 
9736,113920,-0.51726,0.516791,174.427, 
9738,163508,0.0863352,0.427875,173.016, 
9739,178008,-0.141684,0.409004,172.563, 
9742,173376,-0.350326,0.449755,187.271, 
9743,169048,-0.036743,0.458036,188.323, 
9744,44120,0.226423,0.893802,187.741, 
9745,74598,0.103992,0.685295,187.172, 
9746,172260,0.214032,0.452678,187.88, 
9747,152804,0.532107,0.479184,187.314, 
9748,130636,-0.346979,0.520703,188.201, 
9749,99824,1.18662,0.595991,188.303, 
9750,75089,-0.94449,0.686626,188.152, 
9752,88507,0.306104,0.63512,188.949, 
9753,37626,0.0248325,0.976585,189.432, 
9754,98990,0.711613,0.599298,188.555, 
9755,182797,0.039327,0.44485,190.195, 
9756,83065,-0.523455,0.659488,190.071, 
9757,173890,-1.40252,0.454625,189.579, 
9758,182489,-0.837459,0.443604,189.502, 
9759,184276,-0.291023,0.441195,189.394, 
9760,157296,-0.164852,0.47485,188.328, 
9761,167510,-0.62314,0.461125,188.729, 
9762,165251,0.734936,0.460968,187.388, 
9763,172359,0.0991738,0.449965,186.808, 
9764,181327,-1.17036,0.440987,187.783, 
9765,171977,0.218434,0.451669,187.308, 
9766,176275,0.0183952,0.445921,187.221, 
9767,152752,0.0870894,0.477965,186.806, 
9768,166845,-0.858551,0.45892,187.454, 
9771,176947,0.241478,0.447784,188.361, 
9772,170162,-0.438241,0.455253,187.795, 
9773,183458,-0.40483,0.439577,188.279, 
9774,174904,0.0467489,0.449558,188.012, 
9775,167725,-0.899867,0.45715,187.222, 
9776,161825,-0.188878,0.465667,187.326, 
9777,155982,-0.27295,0.475193,187.676, 
9778,178226,-0.691466,0.444839,187.797, 
9779,11259,3.1262,1.76923,187.73, 
9780,26667,-1.80818,1.1468,187.273, 
9781,188446,-0.218069,0.433408,188.144, 
9782,175549,0.272135,0.451914,189.345, 
9783,97000,-0.0152395,0.611151,190.342, 
9785,28427,-1.37195,1.13133,190.746, 
9786,173903,-0.42114,0.45594,190.135, 
9787,172272,0.259828,0.458966,190.497, 
9788,184082,-0.560673,0.4423,189.768, 
9789,172726,-0.211352,0.457027,189.942, 
9790,176085,0.707856,0.453663,190.368, 
9791,172326,-0.357387,0.457761,190.026, 
9792,181348,-0.816927,0.446068,189.958, 
9793,183383,0.303798,0.447786,191.756, 
9794,163297,-0.101004,0.472364,190.882, 
9795,185444,0.130175,0.442444,190.531, 
9796,183510,0.214044,0.445779,190.963, 
9797,172536,-0.205415,0.461704,191.78, 
9798,175760,-0.342398,0.456759,191.49, 
9799,180867,0.254465,0.450238,191.479, 
9800,171364,-0.0384751,0.4599,190.381, 
9801,170285,0.127226,0.462187,190.724, 
9802,161074,-0.47706,0.476243,191.136, 
9803,173656,-0.125758,0.458484,191.06, 
9805,159193,0.470632,0.48171,192.197, 
9806,177561,0.478952,0.457242,192.673, 
9807,182153,0.659833,0.449226,191.727, 
9808,187817,-0.463429,0.442851,191.922, 
9809,171386,0.269652,0.462384,191.421, 
9810,178208,-0.452636,0.454781,191.984, 
9811,187271,-0.511267,0.441049,190.863, 
9812,154471,0.0957484,0.486335,191.143, 
9827,132412,-0.598716,0.524162,190.734, 
9828,180501,-0.173359,0.449142,190.82, 
9829,174202,-0.445121,0.458871,191.521, 
9831,166440,-0.61519,0.470147,191.806, 
9832,177556,-0.27071,0.45559,191.974, 
9833,158034,-0.543027,0.479939,190.793, 
9834,182417,0.265984,0.44371,189.51, 
9835,181027,0.356255,0.447224,190.282, 
9836,165525,-0.854915,0.466332,189.726, 
9837,170319,-0.281313,0.459735,189.732, 
9838,173345,-0.158349,0.457422,190.446, 
9839,173487,-0.653341,0.45768,190.632, 
9840,178834,-0.218597,0.451647,190.996, 
9841,184279,-0.533352,0.446297,191.585, 
9842,184608,-0.0372996,0.445299,191.327, 
9843,158868,-0.411363,0.478129,190.574, 
9844,171967,-0.391537,0.458542,190.152, 
9845,174457,-0.387646,0.455317,190.177, 
9846,162655,-1.60505,0.471693,190.236, 
9847,186579,-0.0353313,0.440043,190.076, 
9848,178765,0.221405,0.450235,190.362, 
9850,186572,-0.783576,0.439293,189.748, 
9851,185083,-0.532796,0.441911,190.116, 
9852,187587,-0.324602,0.438823,190.06, 
9853,180257,0.156264,0.447497,189.992, 
9854,181432,0.476594,0.447213,190.49, 
9855,182448,-0.149879,0.446541,190.735, 
9856,180461,-0.16142,0.458788,194.897, 
9857,177210,-0.0660663,0.451894,190.231, 
9858,169538,-0.947378,0.463442,190.822, 
9859,189997,-0.265159,0.43843,191.106, 
9860,174718,-0.767016,0.455431,190.367, 
9861,186952,-0.146622,0.440666,190.535, 
9862,185313,-0.304054,0.441414,190.02, 
9863,168627,0.342189,0.465106,190.992, 
9864,167669,-0.750466,0.461508,188.976, 
9865,152013,0.593296,0.48626,189.587, 
9866,169762,0.14004,0.464022,191.187, 
9867,184600,-0.532936,0.445827,191.55, 
9868,186079,-0.452429,0.442887,191.047, 
9869,182114,-0.454088,0.448,191.183, 
9870,15554,0.948544,1.5325,191.127, 
9871,166161,-0.235445,0.468259,190.876, 
9873,183971,0.0364564,0.444593,190.694, 
9874,182894,0.85996,0.448026,191.603, 
9879,164427,0.403704,0.46947,190.368, 
9880,186315,-0.209023,0.442304,190.917, 
9881,25136,2.78723,1.21663,192.889, 
9882,109779,1.66635,0.580004,192.172, 
9893,103117,-0.357777,0.600617,192.869, 
9894,176579,-0.403344,0.458488,192.663, 
9895,176964,-0.881769,0.457223,192.34, 
9896,175806,0.271143,0.458674,192.319, 
9897,180769,-1.04389,0.451942,192.152, 
9898,178638,-1.13567,0.454053,191.908, 
9899,185419,0.252586,0.44434,191.334, 
9900,188066,0.409881,0.442887,192.065, 
9902,163033,-0.436644,0.4777,192.883, 
9903,185014,0.985277,0.446709,192.144, 
9904,184537,-0.0777065,0.446896,191.977, 
9905,164612,-0.433044,0.473881,192.265, 
9906,175220,-0.805474,0.459327,192.271, 
9907,109837,1.18784,0.582934,193.194, 
9908,182042,0.67812,0.417299,178.046, 
9909,171317,-0.557536,0.431446,178.577, 
9910,186099,-0.230786,0.410944,177.278, 
9911,186692,0.206674,0.407815,176.208, 
9912,165616,0.491014,0.435945,177.412, 
9913,175400,-0.297488,0.418473,175.26, 
9915,181867,0.267804,0.413737,176.442, 
9916,179390,-0.727671,0.41817,177.113, 
9917,186768,-0.123674,0.408538,176.556, 
9918,180846,-0.0244352,0.412782,175.54, 
9919,166624,0.0583461,0.430344,175.665, 
9920,179362,-0.277107,0.416075,176.213, 
9921,152237,-0.303989,0.449833,175.514, 
9922,178570,0.0814706,0.412336,174.243, 
9923,59381,0.587611,0.7172,174.769, 
9924,172019,-1.04181,0.419993,174.193, 
9925,175525,-0.289613,0.416935,174.678, 
9926,162838,-0.452457,0.43513,175.589, 
9927,163813,-0.031932,0.434605,175.901, 
9928,173853,-0.0533813,0.420894,175.495, 
9929,187688,-0.4219,0.407434,176.512, 
9930,185704,-0.552065,0.406372,175.119, 
9931,175152,-0.115139,0.424592,177.697, 
9932,96116,-0.152679,0.577125,178.924, 
9946,157403,-0.960519,0.435547,172.799, 
9947,141534,0.0624957,0.461146,173.488, 
9948,175483,-0.219759,0.411874,172.537, 
9949,179117,-0.458075,0.40829,172.797, 
9950,175152,0.210321,0.413528,173.066, 
9951,176476,0.509331,0.412155,173.143, 
9952,168115,0.0712604,0.420525,172.423, 
9953,184142,-0.371667,0.404481,173.57, 
9954,189049,-0.218969,0.399843,173.851, 
9955,185596,-0.339168,0.401962,173.169, 
9956,168540,-0.0256108,0.423109,173.702, 
9957,151973,-0.573302,0.447989,174.643, 
9958,166315,0.147974,0.425868,173.677, 
9960,186381,0.0242352,0.404387,174.582, 
9961,155828,-0.599448,0.443768,175.178, 
9962,165097,-0.294163,0.433861,176.287, 
9965,174724,-0.313367,0.42092,175.945, 
9966,177913,-0.994136,0.4178,176.227, 
9967,165460,-0.296521,0.428078,174.128, 
9968,172992,0.127715,0.41702,173.448, 
9969,167040,-0.103002,0.421836,172.407, 
9970,166742,-0.670375,0.422208,172.405, 
9971,163617,-0.285545,0.426816,172.646, 
9972,161492,0.0316689,0.426383,171.347, 
9973,162948,0.432699,0.428483,172.965, 
9974,178972,0.0389747,0.412545,174.527, 
9975,160679,-0.178233,0.432191,173.243, 
9976,169909,0.0617852,0.422644,174.214, 
9977,77816,-0.17613,0.621509,173.373, 
10029,125501,0.5394,0.485305,171.925, 
10030,169520,0.17866,0.419116,172.562, 
10031,128864,-0.0324096,0.480966,172.655, 
10032,147997,0.330523,0.438684,168.763, 
10033,145899,-0.28968,0.445971,170.346, 
10034,169837,-0.179201,0.416481,171.637, 
10035,170016,0.358603,0.419604,173.015, 
10036,164732,-0.366764,0.424815,172.42, 
10037,176135,-0.0657092,0.415863,174.531, 
10038,168797,0.277916,0.425644,174.875, 
10039,176125,0.300976,0.415715,174.464, 
10040,185810,-0.139703,0.403769,174.047, 
10041,182662,0.724267,0.41038,175.392, 
10042,164050,0.187987,0.433827,175.713, 
10043,180467,0.00267837,0.416976,177.137, 
10044,171633,-0.0251967,0.42732,177.033, 
10045,168368,-0.0113787,0.430198,176.522, 
10046,174705,-0.159201,0.420311,175.68, 
10047,172662,0.0570191,0.420034,174.535, 
10048,165895,0.116662,0.428946,174.711, 
10049,116255,-0.312092,0.505626,172.399, 
10057,142080,-0.0275937,0.450607,169.849, 
10058,143475,0.393485,0.451481,171.012, 
10059,186665,-0.371991,0.394827,170.584, 
10065,181616,-0.0169803,0.405464,172.794, 
10066,174415,-0.889168,0.420118,175.454, 
10067,180137,-0.190689,0.416641,176.833, 
10068,178034,-0.480811,0.418402,176.541, 
10069,186355,-0.297748,0.409474,176.765, 
10070,170049,-0.172073,0.424653,175.114, 
10071,185004,0.167725,0.403542,173.572, 
10072,173379,0.209649,0.417229,173.729, 
10075,164130,0.157807,0.427961,173.38, 
10076,162679,-0.495377,0.429033,173.044, 
10077,117276,-0.30012,0.505124,172.983, 
10078,124109,-0.867527,0.491099,173.01, 
10079,124929,-0.00226578,0.488985,172.833, 
10080,98269,-0.573917,0.560883,175.825, 
10081,39634,-0.116881,0.875553,174.308, 
10085,152544,-0.736087,0.47425,185.227, 
10086,179780,0.00431783,0.436654,185.143, 
10087,182525,-0.691733,0.433971,185.405, 
10088,170765,0.354023,0.449097,185.584, 
10089,181088,-0.682792,0.436194,185.62, 
10090,168876,-0.0820665,0.452307,185.873, 
10091,176677,-0.599866,0.443902,186.585, 
10092,182083,0.152059,0.435562,185.859, 
10093,179608,-0.169001,0.4389,186.007, 
10094,180464,-0.15373,0.436531,185.443, 
10095,171794,-0.758637,0.449438,186.283, 
10096,173077,-0.104651,0.446494,185.753, 
10097,183074,0.425982,0.434111,185.744, 
10098,187302,-0.821253,0.431258,186.642, 
10099,175389,0.437299,0.443423,185.703, 
10100,82048,0.796554,0.650828,186.423, 
10101,83081,0.0825461,0.644946,185.898, 
10102,163709,0.393975,0.454956,184.08, 
10103,159589,0.122778,0.463075,184.992, 
10104,152023,0.28292,0.473505,184.62, 
10105,174167,0.358471,0.443403,185.047, 
10106,176117,-0.551872,0.440506,184.864, 
10107,177584,-0.292285,0.440037,185.435, 
10108,173723,-0.412572,0.444524,185.278, 
10109,181375,-0.345642,0.434158,184.9, 
10110,178945,0.230261,0.438079,185.316, 
10111,177464,-0.169244,0.442039,186.215, 
10112,174147,-0.177177,0.446225,186.214, 
10113,175446,-0.349644,0.444799,186.31, 
10114,43927,0.151079,0.890525,186.643, 
10116,173347,-0.225381,0.448353,186.672, 
10117,166478,-0.368675,0.455929,186.027, 
10118,173597,0.343789,0.445515,185.624, 
10119,154532,-0.714195,0.47392,186.301, 
10120,177654,-0.191173,0.443456,186.912, 
10121,163973,0.0990719,0.462229,187.173, 
10122,161021,-0.551644,0.466259,187.098, 
10123,183520,-0.0256168,0.435925,186.747, 
10124,128622,-0.0683319,0.524759,188.199, 
10144,179634,-0.637379,0.454464,192.617, 
10145,174072,-0.199018,0.467356,194.99, 
10146,186231,-0.629936,0.454241,196.026, 
10147,170436,0.0262838,0.473351,195.418, 
10148,160779,0.0985069,0.48727,195.382, 
10149,183081,-0.496897,0.455075,194.717, 
10150,186360,-0.224465,0.454787,196.329, 
10151,172130,0.538859,0.475968,197.472, 
10152,165541,-0.239542,0.485772,197.645, 
10153,34550,0.393751,1.06238,197.471, 
10154,183330,-0.391489,0.456601,195.503, 
10155,168268,0.00219958,0.472956,194.009, 
10156,182123,-0.401092,0.455107,194.221, 
10157,180314,-0.198935,0.465595,197.708, 
10158,181756,-0.0400148,0.464541,198.047, 
10159,181097,0.157804,0.465917,198.273, 
10160,147003,-0.237548,0.515133,197.507, 
10161,147032,0.375909,0.509877,195.511, 
10162,181822,-0.246373,0.456197,194.525, 
10163,183313,-0.640672,0.450715,192.974, 
10164,169070,1.0816,0.471431,193.844, 
10165,167994,0.767141,0.477963,195.903, 
10166,173793,-0.331761,0.52692,219.665, 
10167,167566,-0.67753,0.469222,192.075, 
10168,166647,-0.250237,0.472814,193.014, 
10169,100006,0.161815,0.604673,191.22, 
10170,50784,0.313093,0.857567,193.255, 
10171,165790,-1.20991,0.475677,193.683, 
10172,164134,-0.143575,0.476859,193.192, 
10173,162771,-0.0935683,0.480253,193.758, 
10174,175359,0.44202,0.462064,193.494, 
10175,152558,0.779458,0.496962,194.107, 
10176,143024,0.0971892,0.513915,194.355, 
10177,177323,0.33349,0.461723,194.43, 
10178,172782,-0.223969,0.466096,193.742, 
10179,171766,-0.283338,0.468658,194.234, 
10180,179382,-0.313701,0.458915,194.367, 
10181,175902,-0.0762662,0.464141,194.664, 
10182,166901,-0.852035,0.476338,194.601, 
10183,167532,-0.311271,0.476338,194.968, 
10184,43718,-0.53244,0.933537,195.192, 
10185,65772,-0.596702,0.761304,195.244, 
10186,174028,-0.20009,0.472359,197.053, 
10187,179164,-0.183592,0.463513,196.195, 
10188,137528,-0.435657,0.524461,194.495, 
10189,155792,0.0616212,0.493862,194.93, 
10192,166953,0.442267,0.474532,193.893, 
10194,171698,0.00473691,0.46656,193.326, 
10195,183019,0.376029,0.450481,192.719, 
10196,152505,0.45,0.500453,195.436, 
10197,185264,0.384402,0.453159,195.05, 
10198,102482,-0.104107,0.60921,195.025, 
10199,162174,0.157702,0.451728,181.915, 
10200,158253,0.0119667,0.456249,181.501, 
10201,172592,-0.636462,0.4361,181.174, 
10202,169813,-0.693347,0.437825,180.421, 
10203,151881,-0.515732,0.467377,182.146, 
10204,177314,0.340646,0.433291,182.453, 
10205,174015,-0.511162,0.436593,182.125, 
10206,185576,0.247378,0.419867,180.872, 
10207,172567,-0.424802,0.434913,180.668, 
10208,180366,0.0201628,0.425735,180.808, 
10210,139240,-0.672623,0.492486,183.771, 
10211,156391,0.882559,0.462244,182.8, 
10212,161970,0.278295,0.450734,181.4, 
10213,33041,1.43783,0.999338,181.652, 
10214,85503,-1.26354,0.625617,182.936, 
10215,168694,-0.297432,0.439545,180.531, 
10216,172533,-0.170371,0.430916,178.99, 
10217,93978,-1.18607,0.582766,178.652, 
10285,152504,-0.699439,0.509655,199.029, 
10294,176152,-0.421542,0.482606,202.552, 
10295,156186,-0.370718,0.511655,202.208, 
10296,181554,-0.420016,0.475426,202.575, 
10330,146010,0.356947,0.468691,179.093, 
10331,142233,-0.878034,0.518943,195.713, 
10332,153246,-0.457775,0.457411,179.061, 
10333,167544,0.181893,0.437322,179.005, 
10334,100556,0.704714,0.563657,178.739, 
10335,99877,0.550948,0.573388,181.21, 
10336,75911,-0.144187,0.663084,182.693, 
10337,157852,0.120185,0.450725,179.076, 
10338,15470,2.08393,1.42343,177.044, 
10340,162245,0.643592,0.453674,182.738, 
10341,144358,0.124545,0.46857,178.031, 
10342,67505,-0.174556,0.720021,187.074, 
10343,161298,-0.0548445,0.455221,182.825, 
10344,159298,0.127442,0.452502,180.603, 
10345,182686,0.0924378,0.423675,181.086, 
10346,188575,0.0495711,0.415816,180.569, 
10347,133332,-0.499721,0.49294,179.995, 
10348,155167,0.528164,0.457072,180.046, 
10349,12348,-0.122931,1.61606,179.579, 
10350,110999,-0.4008,0.544623,181.449, 
10351,49365,0.725642,0.812639,180.554, 
10352,164284,-0.260061,0.444164,180.028, 
10353,164440,0.525198,0.442385,179.392, 
10354,177745,0.0412778,0.425359,179.33, 
10355,175836,-0.1485,0.428537,179.698, 
10356,172285,0.30491,0.432875,179.675, 
10357,162694,0.11338,0.44679,180.214, 
10358,150613,-0.457151,0.462423,179.461, 
10360,149819,0.482184,0.464807,179.91, 
10361,160467,0.231841,0.449752,180.163, 
10362,176115,-0.0640368,0.428565,179.852, 
10363,176214,-0.0463021,0.428886,180.037, 
10364,183798,-0.184721,0.421282,180.611, 
10365,183909,-1.00228,0.423365,181.558, 
10366,184274,-0.451473,0.42431,182.144, 
10367,184453,0.0598079,0.424261,182.212, 
10368,180880,-0.163258,0.425792,181.089, 
10369,171031,-0.279507,0.439105,181.596, 
10370,13674,-0.586502,1.5481,181.028, 
10371,26560,0.109202,1.11087,181.041, 
10372,176850,0.976887,0.433752,182.408, 
10373,171735,-0.191307,0.442211,183.256, 
10374,169142,-0.333316,0.446617,183.68, 
10375,146898,-0.365455,0.482589,184.963, 
10376,42587,0.0795036,0.882164,182.049, 
10377,140909,0.485038,0.485508,182.249, 
10378,144900,0.234407,0.475944,181.172, 
10381,83059,0.63812,0.62854,181.145, 
10382,165007,0.32341,0.446144,181.228, 
10383,176782,-0.776822,0.431295,181.34, 
10384,163955,0.23926,0.446913,180.961, 
10385,171529,0.0994475,0.438515,181.615, 
10386,154644,-0.109154,0.461246,181.384, 
10387,180519,0.268599,0.425319,180.707, 
10388,150818,-0.362462,0.465445,180.757, 
10389,167286,-0.669512,0.444142,181.657, 
10390,44889,-0.80486,1.64124,347.729, 
10391,161143,0.375842,0.450911,181.007, 
10392,104528,-0.161808,0.559769,180.978, 
10393,137966,-0.310508,0.496134,184.283, 
10394,176989,-0.64863,0.437347,183.992, 
10395,154954,0.192088,0.46459,182.882, 
10396,164267,-0.0850636,0.450957,182.772, 
10397,121637,0.126732,0.525265,183.194, 
10400,162798,-0.218709,0.456077,184.019, 
10401,64845,0.0660224,0.718365,182.929, 
10403,169097,0.328169,0.443822,182.506, 
10404,166451,-0.314022,0.446231,182.055, 
10405,176013,-0.866428,0.432944,181.637, 
10406,178986,-0.800119,0.430022,181.928, 
10407,180827,0.169945,0.429581,182.674, 
10408,53000,0.133085,0.795675,183.178, 
10410,145582,-0.110209,0.518136,197.696, 
10411,159364,-0.491588,0.498806,199.125, 
10412,174906,-0.120877,0.474694,198.525, 
10413,171680,-1.17937,0.480916,199.264, 
10414,172250,0.0294585,0.48194,200.02, 
10415,183166,0.523351,0.466768,199.767, 
10416,170067,0.417779,0.483918,199.564, 
10417,180621,-0.186717,0.469461,199.519, 
10418,168536,-0.101226,0.487257,200.034, 
10419,173455,-0.205944,0.480783,200.236, 
10420,77496,0.242239,0.718747,200.086, 
10421,177681,0.335404,0.474962,200.207, 
10422,176023,-0.034402,0.477307,200.255, 
10425,96409,0.0108312,0.649321,201.613, 
10426,165778,-0.0981246,0.494935,201.517, 
10427,172043,0.763249,0.484619,201.011, 
10428,173494,0.382437,0.482714,201.063, 
10429,46875,-1.31336,0.932434,201.878, 
10431,97957,0.577188,0.64086,200.577, 
10432,171206,-0.356432,0.480612,198.863, 
10433,157384,0.104141,0.501397,198.912, 
10434,156816,-1.05261,0.503538,199.401, 
10435,172264,0.557404,0.478885,198.76, 
10436,181521,0.0813892,0.466772,198.87, 
10437,53631,-1.00148,0.860374,199.248, 
10438,163431,-0.0562628,0.49406,199.731, 
10441,169211,-0.00531059,0.487733,200.63, 
10442,183913,-0.300513,0.465771,199.746, 
10443,174039,0.274511,0.474756,198.059, 
10444,184941,0.143168,0.460353,197.974, 
10445,175273,-0.331093,0.47574,199.171, 
10446,161070,-0.450141,0.495938,199.037, 
10447,170503,-0.602641,0.483053,199.462, 
10449,155174,-0.956695,0.505505,199.129, 
10450,169307,-0.327549,0.484712,199.444, 
10451,156693,-0.488217,0.502102,198.754, 
10452,155691,-0.131618,0.503846,198.806, 
10453,95297,0.507255,0.647782,199.972, 
10454,158166,-0.119027,0.500478,199.041, 
10455,170738,-0.470382,0.479037,197.94, 
10456,161826,0.184104,0.491973,197.909, 
10457,172124,-0.708055,0.48234,200.113, 
10458,165419,-0.00283024,0.49083,199.629, 
10459,164006,0.310621,0.489513,198.241, 
10460,152474,0.0942642,0.509035,198.768, 
10461,173703,-0.247468,0.47709,198.84, 
10462,164602,0.376708,0.486105,197.219, 
10463,100214,-1.12923,0.623322,197.322, 
10464,78868,-0.323051,0.704358,197.808, 
10465,89245,-0.15408,0.664057,198.38, 
10466,98098,-0.347823,0.631595,197.819, 
10467,130824,-0.898028,0.549586,198.783, 
10468,179089,-0.144298,0.472434,199.929, 
10469,184704,0.121745,0.465409,200.02, 
10470,167497,-0.252319,0.488914,200.095, 
10471,155274,-0.802834,0.506462,199.57, 
10472,170234,-0.128668,0.48675,200.83, 
10473,150953,-0.0514363,0.514464,199.883, 
10474,147769,0.632752,0.517952,199.105, 
10475,75591,-0.406221,0.726375,199.708, 
10476,81457,0.560162,0.702796,200.583, 
10477,138892,0.379301,0.523118,194.957, 
10478,172282,0.0987904,0.468584,194.494, 
10479,161948,-0.242665,0.486628,195.833, 
10480,168530,0.560897,0.474969,194.986, 
10481,170135,-0.0653403,0.475722,196.223, 
10482,166049,-0.530131,0.482227,196.503, 
10483,161360,0.0366406,0.49134,197.37, 
10484,176673,-0.158617,0.467385,196.453, 
10485,181460,-0.926438,0.462704,197.103, 
10488,174845,-0.560286,0.471688,197.234, 
10489,162702,0.0241099,0.486688,196.312, 
10490,176903,-0.282829,0.467436,196.603, 
10491,173257,-0.0936086,0.473624,197.142, 
10492,164762,-0.130775,0.486787,197.591, 
10493,166748,-0.4372,0.481811,196.747, 
10494,161085,-0.168849,0.489472,196.451, 
10495,90020,0.00114857,0.663422,199.049, 
10496,142759,-0.050555,0.523729,197.883, 
10497,152586,-0.140001,0.506959,198.03, 
10498,151132,0.0547229,0.508072,197.517, 
10499,117008,0.765679,0.578689,197.949, 
10500,163578,-0.586761,0.486606,196.807, 
10501,171802,-0.572571,0.475858,197.238, 
10502,125176,-0.167406,0.564363,199.673, 
10503,161661,-0.355384,0.490456,197.198, 
10504,162974,0.268098,0.486852,196.542, 
10505,171500,-0.201029,0.475167,196.779, 
10506,187280,-0.502892,0.455605,197.167, 
10507,168339,0.0302423,0.480511,197.15, 
10508,174078,-0.147262,0.47215,196.993, 
10509,169252,0.154066,0.476545,196.052, 
10510,174114,-0.165534,0.471333,196.673, 
10511,169752,0.184911,0.478611,197.192, 
10513,174312,-1.0833,0.473842,197.832, 
10514,167030,-0.292974,0.484913,198.181, 
10515,165399,-0.620835,0.483377,196.586, 
10516,175340,-0.243092,0.472811,197.983, 
10517,76598,0.15698,0.721753,199.755, 
10518,70363,0.891558,0.753514,199.877, 
10519,164028,-0.230452,0.489177,198.118, 
10520,181697,0.640839,0.463849,197.72, 
10521,166542,0.114551,0.485368,198.076, 
10522,106944,0.264838,0.605196,197.913, 
10523,164565,-0.435236,0.488164,198.032, 
10524,171051,0.671838,0.479259,198.214, 
10525,172776,-1.30376,0.474984,197.433, 
10526,168450,-0.863385,0.480121,197.054, 
10527,168958,0.120476,0.479475,197.086, 
10528,158264,0.711709,0.49574,197.217, 
10529,167484,0.125082,0.481194,196.928, 
10530,149437,0.356077,0.512112,197.968, 
10531,169405,0.00737698,0.483017,198.804, 
10532,168969,-0.0852519,0.479223,196.988, 
10534,175504,0.161048,0.470556,197.131, 
10535,153677,0.422993,0.503771,197.487, 
10536,141567,-0.214484,0.523971,197.146, 
10537,160856,-0.0677326,0.494574,198.358, 
10538,174331,-0.378422,0.474381,198.068, 
10539,158880,-0.888641,0.494683,197.179, 
10540,172467,0.183212,0.477823,198.436, 
10541,135164,-0.0922626,0.538053,197.813, 
10542,140119,-0.208492,0.528232,197.73, 
10543,167026,-0.420225,0.487427,199.206, 
10544,178414,-0.195828,0.469647,198.375, 
10545,174612,-0.803347,0.474055,198.092, 
10546,178480,-0.223166,0.469017,198.145, 
10547,176964,-0.992173,0.470803,198.053, 
10548,158431,-0.83416,0.496337,197.559, 
10549,170177,-0.264605,0.477686,197.058, 
10550,164607,-0.421547,0.490495,199.003, 
10551,167716,0.618457,0.485476,198.818, 
10552,153920,0.544856,0.510978,200.47, 
10553,170917,-0.570641,0.483926,200.065, 
10554,157350,0.268313,0.5008,198.654, 
10555,166929,-0.929519,0.486683,198.844, 
10556,170040,-0.489239,0.480755,198.244, 
10557,176431,-0.149563,0.474186,199.175, 
10558,166015,0.204449,0.489418,199.413, 
10559,162145,0.0117263,0.495066,199.349, 
10560,156054,0.277768,0.501304,198.033, 
10561,130086,-0.559794,0.552824,199.39, 
10563,170777,-0.661516,0.485601,200.675, 
10564,164192,0.844305,0.49505,200.597, 
10565,167338,0.0710943,0.494298,202.202, 
10566,100529,-0.739718,0.643588,204.058, 
10567,165400,0.744936,0.487805,198.387, 
10568,171551,-0.0284925,0.486394,201.458, 
10569,103458,0.0787875,0.695517,223.712, 
10570,167117,-0.257572,0.488742,199.797, 
10571,169616,-0.070435,0.477599,196.697, 
10572,164026,-0.509086,0.506498,205.132, 
10573,172895,0.0453286,0.474594,197.339, 
10574,167924,-0.190014,0.49927,204.594, 
10575,167564,0.552612,0.483568,197.947, 
10576,169537,0.454113,0.480919,198.018, 
10577,161135,-0.177987,0.49517,198.769, 
10578,168749,-0.257652,0.482266,198.11, 
10579,155054,-0.690815,0.503836,198.395, 
10580,161901,-0.470729,0.49448,198.964, 
